{
  "_fv": 10,
  "_type": "tool",
  "definition": {
    "renderType": 0,
    "texture": "voidshadow_sword",
    "customModelName": "Normal",
    "name": "Bedrock Sword",
    "specialInfo": [],
    "creativeTab": {
      "value": "COMBAT"
    },
    "toolType": "Sword",
    "harvestLevel": 128000,
    "efficiency": 128000.0,
    "attackSpeed": 1.0,
    "enchantability": 128000,
    "damageVsEntity": 128000.0,
    "usageCount": 128000,
    "blocksAffected": [],
    "hasGlow": false,
    "repairItems": [
      {
        "value": "CUSTOM:BedrockStick"
      },
      {
        "value": "Blocks.BEDROCK"
      }
    ],
    "stayInGridWhenCrafting": true,
    "damageOnCrafting": false
  }
}