{
  "_fv": 10,
  "_type": "tool",
  "definition": {
    "renderType": 0,
    "texture": "crimson_sword",
    "customModelName": "Normal",
    "name": "Crimson Sword",
    "specialInfo": [],
    "creativeTab": {
      "value": "COMBAT"
    },
    "toolType": "Sword",
    "harvestLevel": 14,
    "efficiency": 19.0,
    "attackSpeed": 1.0,
    "enchantability": 98,
    "damageVsEntity": 14.0,
    "usageCount": 3811,
    "blocksAffected": [],
    "hasGlow": false,
    "repairItems": [],
    "stayInGridWhenCrafting": false,
    "damageOnCrafting": false
  }
}