{
  "_fv": 10,
  "_type": "recipe",
  "definition": {
    "recipeType": "Crafting",
    "xpReward": 0.0,
    "cookingTime": 200,
    "recipeRetstackSize": 1,
    "group": "",
    "recipeShapeless": false,
    "recipeSlots": [
      {
        "value": "CUSTOM:CrimsonGem"
      },
      {
        "value": "CUSTOM:CrimsonGem"
      },
      {
        "value": "CUSTOM:CrimsonGem"
      },
      {
        "value": "CUSTOM:CrimsonGem"
      },
      {
        "value": ""
      },
      {
        "value": "CUSTOM:CrimsonGem"
      },
      {
        "value": ""
      },
      {
        "value": ""
      },
      {
        "value": ""
      }
    ],
    "recipeReturnStack": {
      "value": "CUSTOM:CrimsonArmor.helmet"
    },
    "name": "crimson_armor_helmet_recipe",
    "namespace": "mod"
  }
}