{
  "_fv": 10,
  "_type": "biome",
  "definition": {
    "groundBlock": {
      "value": "CUSTOM:Voidblock"
    },
    "undergroundBlock": {
      "value": "CUSTOM:Voidblock"
    },
    "generateLakes": true,
    "treeType": 0,
    "vanillaTreeType": "Default",
    "minHeight": 7,
    "spawnVines": false,
    "treeVines": {
      "value": ""
    },
    "treeStem": {
      "value": ""
    },
    "treeBranch": {
      "value": ""
    },
    "treeFruits": {
      "value": ""
    },
    "airColor": {
      "value": -16777216,
      "falpha": 0.0
    },
    "grassColor": {
      "value": -16777216,
      "falpha": 0.0
    },
    "waterColor": {
      "value": -16777216,
      "falpha": 0.0
    },
    "treesPerChunk": 1,
    "grassPerChunk": 0,
    "flowersPerChunk": 0,
    "mushroomsPerChunk": 0,
    "bigMushroomsChunk": 0,
    "sandPathcesPerChunk": 0,
    "gravelPatchesPerChunk": 0,
    "reedsPerChunk": 0,
    "cactiPerChunk": 0,
    "rainingPossibility": 0.1,
    "temperature": 2.0,
    "baseHeight": 0.1,
    "heightVariation": 1.0,
    "spawnBiome": false,
    "biomeWeight": 1024,
    "biomeType": "WARM",
    "biomeCategory": "PLAINS",
    "parent": {
      "value": "No parent"
    },
    "biomeDictionaryTypes": [],
    "spawnEntries": []
  }
}