{
  "_fv": 10,
  "_type": "mob",
  "definition": {
    "mobName": "Herobrine",
    "mobLabel": "",
    "mobModelName": "Biped",
    "mobModelTexture": "herobrine_1.png",
    "mobModelGlowTexture": "",
    "modelWidth": 0.6,
    "modelHeight": 1.8,
    "modelShadowSize": 0.5,
    "mountedYOffset": 0.0,
    "hasSpawnEgg": true,
    "spawnEggBaseColor": {
      "value": -16711732,
      "falpha": 0.0
    },
    "spawnEggDotColor": {
      "value": -1,
      "falpha": 0.0
    },
    "creativeTab": {
      "value": "CUSTOM:Crimsontale"
    },
    "isBoss": true,
    "bossBarColor": "BLUE",
    "bossBarType": "NOTCHED_12",
    "equipmentMainHand": {
      "value": "CUSTOM:VoidShadowSword"
    },
    "equipmentOffHand": {
      "value": ""
    },
    "equipmentHelmet": {
      "value": ""
    },
    "equipmentBody": {
      "value": ""
    },
    "equipmentLeggings": {
      "value": ""
    },
    "equipmentBoots": {
      "value": ""
    },
    "mobBehaviourType": "Mob",
    "mobCreatureType": "UNDEAD",
    "attackStrength": 10,
    "movementSpeed": 0.6,
    "armorBaseValue": 5.0,
    "trackingRange": 64,
    "health": 80,
    "xpAmount": 80,
    "waterMob": true,
    "flyingMob": true,
    "guiBoundTo": "<NONE>",
    "inventorySize": 0,
    "inventoryStackSize": 64,
    "disableCollisions": false,
    "ridable": false,
    "canControlForward": false,
    "canControlStrafe": false,
    "immuneToFire": true,
    "immuneToArrows": false,
    "immuneToFallDamage": true,
    "immuneToCactus": false,
    "immuneToDrowning": true,
    "immuneToLightning": true,
    "immuneToPotions": false,
    "immuneToPlayer": false,
    "mobDrop": {
      "value": "CUSTOM:VoidShadowIngot"
    },
    "livingSound": {
      "value": "ambient.cave"
    },
    "hurtSound": {
      "value": "entity.zombie.hurt"
    },
    "deathSound": {
      "value": "entity.endermen.death"
    },
    "stepSound": {
      "value": "entity.endermen.stare"
    },
    "spawnParticles": false,
    "particleToSpawn": {
      "value": "EXPLOSION_NORMAL"
    },
    "particleSpawningShape": "Spread",
    "particleSpawningRadious": 0.5,
    "particleAmount": 4,
    "whenMobDies": {
      "name": "HerobrineEntityDies"
    },
    "onInitialSpawn": {
      "name": "HerobrineEntityDies"
    },
    "hasAI": true,
    "aiBase": "(none)",
    "aixml": "<xml xmlns=\"https://developers.google.com/blockly/xml\"><block type=\"aitasks_container\" deletable=\"false\" x=\"40\" y=\"40\"><next><block type=\"attack_on_collide\"><field name=\"speed\">50</field><field name=\"longmemory\">TRUE</field><field name=\"condition\">null,null</field><next><block type=\"wander\"><field name=\"speed\">1</field><field name=\"condition\">null,null</field><next><block type=\"attack_action\"><field name=\"callhelp\">FALSE</field><field name=\"condition\">null,null</field><next><block type=\"look_around\"><field name=\"condition\">null,null</field><next><block type=\"swim_in_water\"><field name=\"condition\">null,null</field></block></next></block></next></block></next></block></next></block></next></block></xml>",
    "breedable": false,
    "tameable": false,
    "breedTriggerItems": [],
    "ranged": false,
    "rangedAttackItem": {
      "value": ""
    },
    "rangedItemType": "Default item",
    "spawnThisMob": true,
    "doesDespawnWhenIdle": true,
    "spawningProbability": 1,
    "mobSpawningType": "monster",
    "minNumberOfMobsPerGroup": 1,
    "maxNumberOfMobsPerGroup": 1,
    "restrictionBiomes": [
      {
        "value": "CUSTOM:EmptyPlains"
      }
    ],
    "spawnInDungeons": false
  }
}