{
  "_fv": 10,
  "_type": "armor",
  "definition": {
    "enableHelmet": true,
    "textureHelmet": "quartz_head",
    "enableBody": true,
    "textureBody": "quartz_body",
    "enableLeggings": true,
    "textureLeggings": "quartz_leggings",
    "enableBoots": true,
    "textureBoots": "quartz_boots",
    "creativeTab": {
      "value": "COMBAT"
    },
    "armorTextureFile": "quartz",
    "helmetName": "Quartz Helmet",
    "bodyName": "Quartz Chestplate",
    "leggingsName": "Quartz Leggings",
    "bootsName": "Quartz Boots",
    "helmetSpecialInfo": [],
    "bodySpecialInfo": [],
    "leggingsSpecialInfo": [],
    "bootsSpecialInfo": [],
    "helmetModelName": "Default",
    "helmetModelPart": "Helmet",
    "helmetModelTexture": "From armor",
    "bodyModelName": "Default",
    "bodyModelPart": "Body",
    "armsModelPartL": "Arms L",
    "armsModelPartR": "Arms R",
    "bodyModelTexture": "From armor",
    "leggingsModelName": "Default",
    "leggingsModelPartL": "Leggings L",
    "leggingsModelPartR": "Leggings R",
    "leggingsModelTexture": "From armor",
    "bootsModelName": "Default",
    "bootsModelPartL": "Boots L",
    "bootsModelPartR": "Boots R",
    "bootsModelTexture": "From armor",
    "maxDamage": 18,
    "damageValueHelmet": 2,
    "damageValueBody": 6,
    "damageValueLeggings": 7,
    "damageValueBoots": 2,
    "enchantability": 11,
    "toughness": 0.0,
    "equipSound": {
      "value": ""
    },
    "repairItems": []
  }
}