{
  "_fv": 10,
  "_type": "armor",
  "definition": {
    "enableHelmet": true,
    "textureHelmet": "sapphire_head",
    "enableBody": true,
    "textureBody": "sapphire_body",
    "enableLeggings": true,
    "textureLeggings": "sapphire_leggings",
    "enableBoots": true,
    "textureBoots": "sapphire_boots",
    "creativeTab": {
      "value": "COMBAT"
    },
    "armorTextureFile": "sapphire",
    "helmetName": "Sapphire Helmet",
    "bodyName": "Sapphire Chestplate",
    "leggingsName": "Sapphire Leggings",
    "bootsName": "Sapphire Boots",
    "helmetSpecialInfo": [],
    "bodySpecialInfo": [],
    "leggingsSpecialInfo": [],
    "bootsSpecialInfo": [],
    "helmetModelName": "Default",
    "helmetModelPart": "Helmet",
    "helmetModelTexture": "From armor",
    "bodyModelName": "Default",
    "bodyModelPart": "Body",
    "armsModelPartL": "Arms L",
    "armsModelPartR": "Arms R",
    "bodyModelTexture": "From armor",
    "leggingsModelName": "Default",
    "leggingsModelPartL": "Leggings L",
    "leggingsModelPartR": "Leggings R",
    "leggingsModelTexture": "From armor",
    "bootsModelName": "Default",
    "bootsModelPartL": "Boots L",
    "bootsModelPartR": "Boots R",
    "bootsModelTexture": "From armor",
    "maxDamage": 75,
    "damageValueHelmet": 10,
    "damageValueBody": 25,
    "damageValueLeggings": 30,
    "damageValueBoots": 10,
    "enchantability": 45,
    "toughness": 0.0,
    "equipSound": {
      "value": ""
    },
    "repairItems": []
  }
}