{
  "_fv": 10,
  "_type": "tool",
  "definition": {
    "renderType": 0,
    "texture": "sapphire_shovel",
    "customModelName": "Normal",
    "name": "Sapphire Shovel",
    "specialInfo": [],
    "creativeTab": {
      "value": "TOOLS"
    },
    "toolType": "Spade",
    "harvestLevel": 10,
    "efficiency": 16.0,
    "attackSpeed": 1.0,
    "enchantability": 70,
    "damageVsEntity": 10.0,
    "usageCount": 2380,
    "blocksAffected": [],
    "hasGlow": false,
    "repairItems": [],
    "stayInGridWhenCrafting": false,
    "damageOnCrafting": false
  }
}