{
  "_fv": 10,
  "_type": "dimension",
  "definition": {
    "portalFrame": {
      "value": "CUSTOM:CrimsonOreBlock"
    },
    "portalParticles": {
      "value": "ENCHANTMENT_TABLE"
    },
    "portalLuminance": 0.4,
    "portalSound": {
      "value": "ambient.cave"
    },
    "igniterName": "Voider",
    "igniterTab": {
      "value": "CUSTOM:Crimsontale"
    },
    "texture": "voider_ingot",
    "portalTexture": "void",
    "enablePortal": true,
    "biomesInDimension": [
      {
        "value": "ocean"
      },
      {
        "value": "CUSTOM:EmptyPlains"
      },
      {
        "value": "CUSTOM:EmptyPlains"
      },
      {
        "value": "CUSTOM:EmptyPlains"
      },
      {
        "value": "CUSTOM:EmptyPlains"
      },
      {
        "value": "CUSTOM:EmptyPlains"
      },
      {
        "value": "CUSTOM:EmptyPlains"
      }
    ],
    "worldGenType": "End like gen",
    "mainFillerBlock": {
      "value": "CUSTOM:Voidblock"
    },
    "fluidBlock": {
      "value": "Blocks.FLOWING_LAVA"
    },
    "airColor": {
      "value": -13434880,
      "falpha": 0.0
    },
    "canRespawnHere": false,
    "hasFog": true,
    "hasWeather": true,
    "isDark": true,
    "doesWaterVaporize": true,
    "sleepResult": "ALLOW",
    "hasSkyLight": false,
    "imitateOverworldBehaviour": false
  }
}