{
  "_fv": 10,
  "_type": "tool",
  "definition": {
    "renderType": 0,
    "texture": "voidshadow_pickaxe",
    "customModelName": "Normal",
    "name": "VoidShadow Pickaxe",
    "specialInfo": [],
    "creativeTab": {
      "value": "TOOLS"
    },
    "toolType": "Pickaxe",
    "harvestLevel": 20,
    "efficiency": 24.0,
    "attackSpeed": 1.0,
    "enchantability": 140,
    "damageVsEntity": 20.0,
    "usageCount": 6280,
    "blocksAffected": [],
    "hasGlow": false,
    "repairItems": [],
    "stayInGridWhenCrafting": false,
    "damageOnCrafting": false
  }
}